categories,image,is_active,include_in_menu,is_anchor,meta_title,meta_keywords,meta_description,display_mode,custom_use_parent_settings,custom_apply_to_products,custom_design,custom_design_from,custom_design_to,page_layout,description,landing_page,category_id,parent_category_id,title_name_rule,variant_attribute,hierarchy_type,category_type,default_sort_by
Men,image.jpg,1,1,1,meta title,"keyword, keyword 2",Meta description,PRODUCTS_AND_PAGE,1,1,,,,2columns-left,category description,1,a8,b8,Sample rule,color,CLASS,NAVIGATION,price
Men|Clothes,best-mens-pants-buck-mason.jpg,1,1,1,meta title,"keyword, keyword 2",Meta description,PRODUCTS,0,0,,,,2columns-left,category description,2,a9,b9,SampleRule2,manufacturer,SUBCLASS,MERCHANDISING,
Men|Clothes|T-shirt,tshirt.jpeg,1,1,1,meta title,"keyword, keyword 2",Meta description,PRODUCTS_AND_PAGE,0,0,,,,2columns-left,category description,1,a10,b10,,,,,
Men|Clothes|Pants,best-mens-pants-buck-mason.jpg,1,1,1,meta title,"keyword, keyword 2",Meta description,PRODUCTS_AND_PAGE,0,0,,,,2columns-left,category description,1,a11,b11,,,,,
Women,image.jpg,1,1,1,meta title,"keyword, keyword 2",Meta description,PRODUCTS_AND_PAGE,0,0,,,,2columns-left,category description,1,a15,b15,,,,,
Women|Clothes,image.jpg,1,1,1,meta title,"keyword, keyword 2",Meta description,PRODUCTS_AND_PAGE,0,0,,,,2columns-left,category description,1,a16,b16,,,,,
Women|Clothes|T-shirt,image.jpg,1,1,1,meta title,"keyword, keyword 2",Meta description,PRODUCTS_AND_PAGE,0,0,,,,2columns-left,category description,1,a17,b17,,,,,
