id,parent_id,name,path,image,is_active,is_anchor,include_in_menu,meta_title,meta_keywords,meta_description,display_mode,custom_use_parent_settings,custom_apply_to_products,custom_design,custom_design_from,custom_design_to,default_sort_by,page_layout,description,products,category_id,parent_category_id,title_name_rule,variant_attribute,hierarchy_type,category_type
99,2,Men,1/2/99,image.jpg,1,1,1,meta title,"keyword, keyword 2",Meta description,PRODUCTS_AND_PAGE,1,1,,,,price,2columns-left,category description,,a8,b8,Sample rule,color,CLASS,NAVIGATION
100,99,Clothes,1/2/99/100,best-mens-pants-buck-mason.jpg,1,1,1,meta title,"keyword, keyword 2",Meta description,PRODUCTS,0,0,,,,position,2columns-left,category description,,a9,b9,SampleRule2,manufacturer,SUBCLASS,MERCHANDISING
101,100,T-shirt,1/2/99/100/101,tshirt.jpeg,1,1,1,meta title,"keyword, keyword 2",Meta description,PRODUCTS_AND_PAGE,0,0,,,,position,2columns-left,category description,,a10,b10,,,,
102,100,Pants,1/2/99/100/102,best-mens-pants-buck-mason.jpg,1,1,1,meta title,"keyword, keyword 2",Meta description,PRODUCTS_AND_PAGE,0,0,,,,position,2columns-left,category description,,a11,b11,,,,
103,102,Jeans,1/2/99/100/102/103,image.jpg,1,1,1,meta title,"keyword, keyword 2",Meta description,PRODUCTS_AND_PAGE,0,0,,,,position,2columns-left,category description,,a12,b12,,,,
104,102,Trouser,1/2/99/100/102/104,image.jpg,1,1,1,meta title,"keyword, keyword 2",Meta description,PRODUCTS_AND_PAGE,0,0,,,,position,2columns-left,category description,,a13,b13,,,,
105,102,Formal,1/2/99/100/102/105,image.jpg,1,1,1,meta title,"keyword, keyword 2",Meta description,PRODUCTS_AND_PAGE,0,0,,,,position,2columns-left,category description,,a14,b14,,,,
106,2,Women,1/2/106,image.jpg,1,1,1,meta title,"keyword, keyword 2",Meta description,PRODUCTS_AND_PAGE,0,0,,,,position,2columns-left,category description,,a15,b15,,,,
107,106,Clothes,1/2/106/107,image.jpg,1,1,1,meta title,"keyword, keyword 2",Meta description,PRODUCTS_AND_PAGE,0,0,,,,position,2columns-left,category description,,a16,b16,,,,
108,107,T-shirt,1/2/106/107/108,image.jpg,1,1,1,meta title,"keyword, keyword 2",Meta description,PRODUCTS_AND_PAGE,0,0,,,,position,2columns-left,category description,,a17,b17,,,,
109,107,Pants,1/2/106/107/109,image.jpg,1,1,1,meta title,"keyword, keyword 2",Meta description,PRODUCTS_AND_PAGE,0,0,,,,position,2columns-left,category description,,a18,b18,,,,
110,109,Jeans,1/2/106/107/109/110,image.jpg,1,1,1,metatitle1,"keyword, keyword 2",Meta description 1,PRODUCTS,0,0,,,,position,2columns-right,category description 1,,a19,b19,,,,
111,109,Trouser,1/2/106/107/109/111,image.jpg,1,1,1,metatitle1,"keyword, keyword 2",Meta description 2,PRODUCTS,0,0,,,,position,2columns-right,<p><b>category description 2</b></p>,,a20,b20,,,,
112,109,Formal,1/2/106/107/109/112,image.jpg,1,1,1,metatitle2,"keyword, keyword 3",Meta description 4,PRODUCTS,0,0,,,,position,2columns-right,<p><b>category description 3</b></p>,,a21,b21,,,,
